date,win_rate,pnl_sum,pnl_mean,volume_tokens,fees_sum,trade_value_sum,trades,avg_fee_rate
2023-04-30,,0.0,0.0,0.25129999999999997,0.0,476.99281,3,0.0
2023-12-04,,0.0,0.0,11.80901,12.501455,50005.82917,9,0.00024999995415534473
2023-12-13,33.33333333333333,-281.80463900000007,-93.93487966666669,11.80901,12.694600000000001,50778.402760000004,3,0.0002499999864115458
2023-12-14,60.0,51.737868,5.1737868,7638.48,18.258720000000004,73034.89871000001,10,0.0002499999359552751
2023-12-16,100.0,329.708097,29.973463363636366,79821.2486,23.043260999999998,92173.06285,11,0.00024999994887334913
2023-12-17,0.0,-24.725312000000002,-4.120885333333333,46322.200000000004,9.863427000000001,39453.716610999996,6,0.0002499999454360658
2023-12-18,,0.0,0.0,14.306,7.791045,31164.1856,2,0.0002499999550766377
2023-12-19,100.0,1062.278674,42.491146959999995,168430.506,43.229147000000005,172916.63439000002,25,0.00024999993293010794
2023-12-20,95.23809523809523,230.269674,5.616333512195122,168545.86000000002,35.8655,143462.08341000002,41,0.00024999985464800513
2023-12-21,100.0,407.933948,19.425426095238095,455.11455,17.9079,71631.64353999999,21,0.00024999984804201805
2023-12-22,100.0,288.769379,16.042743277777777,144115.47454999998,34.443826,137775.33877999996,18,0.0002499999368900119
2023-12-23,84.61538461538461,891.334604,25.46670297142857,284659.24256,75.72647500000001,302905.95896,35,0.00024999995133803227
2023-12-24,80.0,-127.795996,-18.256570857142854,49.334720000000004,39.999365000000004,159997.47372,7,0.0002499999785621615
2023-12-26,100.0,790.0414470000001,87.78238300000001,152046.0,12.791529,51166.13125,9,0.00024999992548781967
2023-12-27,0.0,-1494.930674,-78.68056178947369,303494.0,30.061217999999997,120244.90483000003,19,0.00024999993174346953
2023-12-28,40.909090909090914,-818.801864,-20.4700466,272327.4,50.406932,201627.80945,40,0.0002499998990094667
2023-12-29,54.83870967741935,630.4204369999998,8.879161084507043,165601.18315999996,242.373137,969492.6881100002,71,0.0002499999638702793
2023-12-30,92.3076923076923,81.57134200000002,5.826524428571427,66.91174000000001,50.276658,201106.65491000004,14,0.00024999997152008713
2023-12-31,,0.0,0.0,23.293320000000005,25.339212999999997,101356.86809999999,8,0.0002499999602888282
2024-01-01,14.285714285714285,-382.32568100000003,-20.122404263157897,108265.84818,68.79475000000001,275179.04143899994,19,0.00024999996235269253
2024-01-02,63.1578947368421,1020.480503,28.346680638888888,162702.30000000002,31.751449000000004,127005.866697,36,0.00024999986083910566
2024-01-03,88.88888888888889,814.7047009999999,18.51601593181818,5952.9232,94.084574,376338.3705,44,0.00024999995050996267
2024-01-04,100.0,285.107453,95.03581766666667,2.26186,25.17222,100688.88476,3,0.0002499999881814164
2024-01-05,64.70588235294117,14.615776000000032,0.1719503058823535,7326.9724400000005,475.44376099999994,1901775.1953899998,85,0.00024999998009885704
2024-01-06,20.0,-453.55851600000005,-18.8982715,5012.4467,59.949885,239799.59402,24,0.00024999994368213985
2024-01-07,39.189189189189186,-589.51939,-4.065650965517241,265091.05085999996,381.593025,1526372.3778610001,145,0.00024999995448997175
2024-01-08,61.53846153846154,341.16013099999975,3.2491441047619047,132463.58182000002,319.306983,1277228.0947899998,105,0.0002499999681360752
2024-01-09,42.68292682926829,-3736.6645829999993,-18.777208959798994,105631.42877,491.259901,2334939.807612,199,0.0002103951028623832
2024-01-10,92.85714285714286,1032.966932,44.91160573913044,94784.18651,53.73621299999999,220344.82505,23,0.0002438732699431735
2024-01-11,33.33333333333333,-342.98503400000004,-19.05472411111111,828.0313100000001,88.368035,355317.53569,18,0.0002487015869576938
2024-01-12,0.0,-1790.004944,-895.002472,1539.07263,12.017177,50228.06269,2,0.00023925224976659358
2024-01-15,100.0,1092.482122,64.26365423529411,1540.6125400000003,25.889024,103581.33165,17,0.0002499390921858263
2024-01-16,33.33333333333333,-3198.1815779999997,-355.35350866666664,1071.3144399999999,29.061906999999998,163397.72802,9,0.00017785992101703395
2024-01-17,55.55555555555556,772.6556889999999,9.090066929411766,4094.51991,171.23362600000002,900935.0145199999,85,0.00019006212794518798
2024-01-18,25.0,-316.282045,-6.589209270833334,139.03169,148.87842,649513.64688,48,0.00022921523006506718
2024-01-19,45.83333333333333,-271.39869,-2.949985760869566,172367.32128000003,216.56616100000005,868486.330946,92,0.0002493604715276348
2024-01-20,47.05882352941176,391.20096600000005,10.8666935,130092.89070999999,77.065271,308261.149228,36,0.00024999994710004795
2024-01-21,40.909090909090914,208.727551,6.139045617647059,11945.23581,26.487681000000002,112927.69387999999,34,0.00023455434260569
2024-01-22,73.68421052631578,1166.913408,22.880655058823532,145032.23286,40.990587000000005,224951.29887,51,0.00018221982805126448
2024-01-23,34.04255319148936,-3002.8411100000003,-34.91675709302326,135199.84680000003,238.538533,1079774.936248,86,0.00022091504904612184
2024-01-24,38.46153846153847,-174.757435,-6.472497592592593,70.7925,74.957132,299828.57753999997,27,0.00024999995869306356
2024-01-25,14.285714285714285,-3003.429385,-273.039035,96023.83,17.085767000000004,78339.35017599999,11,0.00021809942208627603
2024-01-28,80.0,-1993.222618,-24.0147303373494,230303.48711999998,102.672631,430248.3773679999,83,0.00023863571927473435
2024-01-29,33.33333333333333,-36.269769,-1.5769464782608693,8413.740440000001,50.28273299999999,202288.63971000002,23,0.00024856923785777126
2024-01-30,52.22222222222223,-935.5097990000003,-1.0546897395715895,42832.006530000006,1599.60935,6506438.9490290005,887,0.0002458502050862585
2024-01-31,,0.0,0.0,44986.0,0.502044,2008.184771,6,0.00024999890809350233
2024-02-01,42.857142857142854,51.711563999999996,1.846841571428571,99.8392,65.93749299999999,371749.83526,28,0.00017737060449235606
2024-02-02,70.0,398.834586,9.275222930232559,51632.58322,73.662724,403191.108234,43,0.00018269927708139925
2024-02-03,32.35294117647059,276.81040499999995,4.94304294642857,10335.723039999999,112.16864499999998,505845.02977,56,0.00022174507684893403
2024-02-04,46.42857142857143,22.382425999999935,0.33406605970149217,40333.36376,129.020524,570622.2778899999,67,0.00022610495418629899
2024-02-05,34.26573426573427,-338.450977,-0.5594231024793389,17070.347749999997,570.101187,4493572.86245,605,0.0001268703556058881
2024-02-06,34.5679012345679,308.24057,0.6177165731462926,55439208.60179,455.424442,3757415.298146,499,0.00012120684190132442
2024-02-07,,0.0,0.0,12601.5,-0.05999500000000001,2999.9700000000003,10,-1.999853331866652e-05
2024-02-08,100.0,770.7560239999999,77.07560240000001,5609953.1,3.002887,26051.1241,10,0.00011526899908322957
2024-02-11,100.0,983.4431759999999,28.924799294117648,26558.56903,24.955292,212311.821349,34,0.00011754075605134711
2024-02-12,40.0,913.8817869999997,57.11761168749999,1017.5593900000001,27.111911,227247.68179,16,0.00011930555588705264
2024-02-13,100.0,750.740554,20.290285243243243,79649.08529000002,12.135305999999998,104701.195299,37,0.00011590417822207902
2024-02-14,98.78048780487805,3755.3313890000004,41.267377901098904,116165.80000000002,10.537784,228358.38544,91,4.614581583985121e-05
2024-02-15,96.3855421686747,2058.794457,23.395391556818183,54768.58529,30.062041,217401.47645699998,88,0.00013827891829403465
2024-02-16,97.82608695652173,5516.133390999999,32.070542970930234,12440895.088299999,53.495448,656355.173318,172,8.150381100764446e-05
2024-02-17,97.95918367346938,1896.6922430000002,24.316567217948716,143221.165,35.921776,307808.79688,78,0.00011670158996139475
2024-02-18,89.55223880597015,152.18482999999998,1.5529064285714271,183567.30000000002,3.822114,146471.38271,98,2.6094612676439585e-05
2024-02-19,96.47058823529412,4653.5344669999995,43.901268556603775,302056.10125999997,8.957061,266952.102224,106,3.3553064109171594e-05
2024-02-20,100.0,2927.8629199999996,91.49571625,37395.600000000006,5.219241,123844.79956000001,32,4.2143400599323475e-05
2024-02-21,93.47826086956522,4665.312349999999,60.58847207792208,273203.34,19.117117,281514.503596,77,6.790810688544443e-05
2024-02-22,92.54658385093167,2506.1442199999997,14.320824114285715,101467.40083999999,4.737623999999999,300667.37782,175,1.5757027032165306e-05
2024-02-25,0.0,-30.7705,-6.1541,7900.0,-0.08960000000000001,4480.1295,5,-1.9999421891710945e-05
2024-02-26,100.0,4416.847299999999,110.42118250000001,80629.0,-0.11772399999999994,193187.15793,40,-6.093779796825647e-07
2024-02-27,66.66666666666666,1218.283893,17.656288304347825,107150.28,-3.073141,227813.05938999998,69,-1.3489749043486564e-05
2024-02-28,100.0,6697.596122999999,76.98386348275862,12716885.29,-5.908151999999999,405374.81833399995,87,-1.4574541221581513e-05
2024-02-29,100.0,8514.226523000001,66.00175599224805,6614085.09,2.5036839999999994,345658.471222,129,7.243230553988078e-06
2024-03-01,92.63157894736842,5136.7410629999995,51.367410629999995,23168779.0,1.8284649999999982,326136.01213,100,5.606449248147303e-06
2024-03-02,100.0,114.550367,19.091727833333334,590982.0,-0.12651600000000002,6325.948155,6,-1.9999531595908253e-05
2024-03-03,93.54838709677419,8361.100415,88.01158331578948,48775159.740380004,-2.4603959999999994,390940.3545320001,95,-6.293532943012169e-06
2024-03-04,100.0,34033.091237,94.53636454722222,39004258.52,2.031374000000003,1843867.976014,360,1.1016916755565906e-06
2024-03-05,100.0,17943.899482,107.44849989221558,45842152.0,-9.139103,804714.5678519999,167,-1.1356949861607117e-05
2024-03-06,100.0,2428.622033,127.8222122631579,7988356.0,-1.2922040000000001,98247.81053100001,19,-1.3152496661411835e-05
2024-03-07,100.0,103.028932,7.359209428571428,765.5999999999997,-0.10881700000000001,5441.346419999999,14,-1.999817537807123e-05
2024-03-08,100.0,5304.005241,80.36371577272728,9981335.2,-2.3546420000000006,240938.59008599998,66,-9.77278898809668e-06
2024-03-09,91.93548387096774,12083.821486999997,89.50978879259259,11463562.7,-2.328407,743982.7548069999,135,-3.129651843346857e-06
2024-03-10,0.0,-786.5406,-71.5036909090909,18924.08,5.2530730000000005,71373.1662,11,7.36001116341116e-05
2024-03-11,100.0,3588.179495,85.43284511904761,139370.99999999997,8.47289,176519.42601,42,4.7999759525164116e-05
2024-03-12,100.0,3039.1659999999997,379.89575,11404.0,4.945953,103040.842,8,4.7999928028538435e-05
2024-03-13,100.0,65.480454,8.18505675,3.0251999999999994,4.223476,12067.08456,8,0.00034999970199927065
2024-03-14,100.0,7398.820137999999,142.28500265384616,583359.0412000001,41.50983,421825.97265000007,52,9.840510706163127e-05
2024-03-15,100.0,2238.0788909999997,77.17513417241379,12818659.6535,18.568765999999997,139935.33832799998,29,0.00013269533072822484
2024-03-16,100.0,228.57984,17.583064615384615,442.7569,21.542720999999997,61550.64596,13,0.00034999991736886065
2024-03-17,100.0,715.613255,42.094897352941175,504.50559999999996,23.573954,70394.43427,17,0.00033488377660059575
2024-03-18,100.0,1244.6384,54.11471304347826,19731.0233,23.868335000000002,92744.78917,23,0.00025735499766191337
2024-03-19,96.875,5762.903096,69.43256742168674,372656.3205000001,54.274466,391753.8163100001,83,0.00013854227767637591
2024-03-20,100.0,3664.5375510000003,111.04659245454545,161796.5542,27.237313999999998,154231.34754000002,33,0.00017660037621687757
2024-03-23,100.0,1297.0184769999998,68.26413036842105,10235.8,8.888836999999999,92592.22297,19,9.599982282399671e-05
2024-03-25,100.0,2460.1937080000002,64.74193968421054,20390.557599999996,26.954887000000003,129660.09062,38,0.00020788884899824547
2024-03-26,97.75280898876404,2115.7944329999996,21.37166093939394,13078.201640000001,30.67105600000001,153131.33702000004,99,0.00020029248484909495
2024-03-27,50.0,93.24602000000002,3.586385384615385,13714.84272,22.230124,72754.89187,26,0.00030554816904574967
2024-03-28,100.0,1110.948412,55.547420599999995,398587.66860000003,28.978772000000003,92236.71959599997,20,0.00031417825923263566
2024-03-29,,0.0,0.0,8.5215,10.500487,30001.402270000002,8,0.00034999987352257847
2024-03-30,100.0,1100.5751400000001,24.45722533333333,517830.0,9.939453999999998,101103.90474,45,9.830929898860401e-05
2024-03-31,100.0,913.6270840000001,41.52850381818182,20.8913,26.568280999999995,75909.4056,22,0.00034999985561736497
2024-04-01,97.95918367346938,2773.532459,35.55810844871795,9563454.0036,112.193226,420732.978895,78,0.00026666135441690545
2024-04-02,100.0,617.35082,19.91454258064516,5924.5798,39.091951,122405.53159000001,31,0.0003193642516985208
2024-04-03,100.0,126.7884,18.11262857142857,2316.3020000000006,9.011254,37887.7162,7,0.0002378410446391593
2024-04-04,100.0,965.552216,26.096005837837836,6748.4823,35.333408999999996,100952.645706,37,0.00034999983163294153
2024-04-05,100.0,9740.93209,105.87969663043478,201788.73729999998,94.34236100000001,477826.7415099999,92,0.00019744052143642033
2024-04-06,100.0,236.33513399999998,14.770945874999999,20.480800000000002,23.878276999999997,68223.66743999999,16,0.0003499999032007477
2024-04-07,,0.0,0.0,14.7128,17.495845000000003,49988.16109999999,23,0.000349999772246073
2024-04-08,100.0,1218.4267,40.614223333333335,11492.048999999999,61.790547999999994,211940.64508,30,0.0002915464750835135
2024-04-09,,0.0,0.0,16.2979,19.972341,57063.83727,3,0.0003499999641717049
2024-04-10,100.0,5207.443413999999,110.79666838297872,105.9189,127.30795699999999,363737.08462,47,0.00034999993782047263
2024-04-11,100.0,389.743164,38.9743164,18.151500000000002,22.539934,64399.82808,10,0.000349999909502864
2024-04-12,77.94117647058823,4960.4749249999995,26.959102853260866,29667858.337,191.313384,791685.723869,184,0.00024165319423096807
2024-04-13,48.75,-35458.224649,-331.385277093458,98984.62710000001,217.36521099999996,706182.28319,107,0.0003078032629452378
2024-04-14,100.0,1733.9060600000003,36.12304291666667,131436.305,29.164828999999997,171104.112618,48,0.00017045077732942744
2024-04-15,100.0,3631.1009900000004,62.60518948275862,259361.90980000002,40.98306399999999,288633.65352000005,58,0.0001419899013860495
2024-04-16,100.0,1299.327011,81.2079381875,150923.0,10.319256,103074.65047,16,0.00010011439236462345
2024-04-17,100.0,2441.4683999999997,174.39059999999998,19114.0,10.620963,97562.9796,14,0.00010886263461350866
2024-04-18,100.0,1509.8989760000002,55.922184296296294,95.2041,102.136201,291817.74084999994,27,0.0003499999715661565
2024-04-19,100.0,436.546486,54.56831075,14.7368,15.904059,45440.17883,8,0.0003499999209840258
2024-04-20,,0.0,0.0,363824.8279,121.289047,60733.234879999996,22,0.0019970786545397993
2024-04-21,,0.0,0.0,4.756200000000001,5.249369000000001,14998.201079999999,3,0.0003499999081223147
2024-04-22,,0.0,0.0,15.823599999999999,17.847424999999998,50992.65348000001,10,0.0003499999270875361
2024-04-23,100.0,1119.536196,17.4927530625,187968.4806,69.209408,227057.52161,64,0.00030481002130762226
2024-04-24,85.71428571428571,279.185907,13.294566999999999,54.159600000000005,60.637862,173251.06529,21,0.00034999993736546447
2024-04-25,,0.0,0.0,388629.10010000004,144.768004,76265.25172,71,0.0018982170875341863
2024-04-26,,0.0,0.0,41052.0,1.745898,4988.28521,3,0.0003499996344435165
2024-04-27,100.0,4281.488139,109.78174715384615,42194.3826,55.741564,159261.66594,39,0.0003499998802034382
2024-04-28,,0.0,0.0,127533.6741,20.372967,58208.56609,67,0.0003499994651732195
2024-04-29,100.0,526.933836,21.955576499999996,27.683000000000003,31.317595,89478.86885999999,24,0.000349999898288835
2024-04-30,,0.0,0.0,60.8117,63.71157499999999,182033.11254999996,33,0.0003499999209347146
2024-05-01,,0.0,0.0,10.4002,10.503883,30011.09716,5,0.00034999996647906625
2024-05-03,89.47368421052632,5306.0170450000005,139.6320275,42538.0756,110.456968,315672.03166,38,0.00034991053030307607
2024-05-04,,0.0,0.0,579917.6797,9.103272,26009.358201,7,0.0003499998704177945
2024-05-05,100.0,0.916,0.15266666666666667,15.6288,8.412778,24068.344540000002,6,0.0003495370438136498
2024-05-06,100.0,968.59038,107.62115333333333,66.07939999999999,72.105746,206016.42648,9,0.00034999998413718725
2024-05-07,100.0,883.537693,40.16080422727273,619875.8761,47.43034300000001,135549.83014800004,22,0.00034991075199587637
2024-05-08,50.0,1.56576,0.08698666666666667,248.3464,31.536109999999997,90142.9547,18,0.0003498455326315146
2024-05-09,100.0,1147.595856,45.903834239999995,34663.9464,71.384286,203955.14088,25,0.00034999993475035766
2024-05-10,100.0,2101.741695,131.3588559375,42.478300000000004,43.36197,123891.35797000001,16,0.0003499999573053352
2024-05-11,100.0,251.604742,11.436579181818182,657.8485999999999,30.256406,86446.89860199997,22,0.0003499999015499673
2024-05-12,,0.0,0.0,33908.2138,11.193548000000002,31981.57746,10,0.00034999987145724744
2024-05-13,100.0,2136.853859,76.31620925,31390.7581,67.59159899999999,193118.89158999996,28,0.0003499999323913891
2024-05-14,100.0,1150.5233050000002,50.02275239130436,50.105100000000014,51.048685,145853.40901,23,0.00034999994409798125
2024-05-15,100.0,948.970582,19.36674657142857,26532.0705,95.11534499999999,271758.1995,49,0.0003499999086504104
2024-05-16,100.0,214.58980000000003,15.327842857142857,42.27859999999999,44.024862,125785.33736999998,14,0.0003499999516676576
2024-05-18,100.0,3522.394661,140.89578644000002,40.4257,44.206092,126303.14744999999,25,0.000349999923933012
2024-05-19,0.0,-74.818442,-5.755264769230769,644.6576,17.543167,50123.349083,13,0.00034999989667390357
2024-05-20,56.00000000000001,7289.397572000001,70.77085021359223,11758.02936,328.62246500000003,938921.4669299999,103,0.00034999994842433406
2024-05-21,,0.0,0.0,5322.326099999999,63.009301,180026.61212000003,27,0.0003499999264442081
2024-05-22,,0.0,0.0,12.0525,15.748349000000001,44995.286609999996,6,0.00034999997080805356
2024-05-23,93.0379746835443,1235.296607,3.7776654648318044,2935214.2072,131.214244,452662.495767,327,0.0002898721348179466
2024-05-24,,0.0,0.0,6.662000000000001,8.752501,25007.149400000002,2,0.00034999994841475215
2024-05-25,100.0,14.126038999999997,0.9417359333333333,9029.3,1.6693450000000003,5483.858524,15,0.0003044106613425828
2024-05-26,100.0,876.4585850000001,18.25955385416667,871239.142,23.275143999999997,69707.143003,48,0.00033389898075435827
2024-05-27,95.94594594594594,1031.581185,4.73202378440367,545466.6806000001,41.150554,134885.37829800003,218,0.00030507794483911196
2024-05-28,80.0,84.807008,6.523616,752.8,2.7962229999999995,8781.3305,13,0.0003184281698542151
2024-05-29,97.10144927536231,201.681118,1.3096176493506493,226107.89132000005,34.339657,76228.185931,154,0.00045048503490668755
2024-05-30,100.0,18.623306,2.069256222222222,301.73598000000004,1.2361900000000001,3531.9824000000003,9,0.0003499989127918644
2024-05-31,100.0,18.990074,2.110008222222222,86817.9,0.945422,2701.221299,9,0.0003499979806726676
2024-06-01,100.0,105.44249400000001,3.6359480689655173,504347.89999999997,5.4769760000000005,15648.544124000002,29,0.00034999907701317864
2024-06-02,100.0,263.886914,2.0943405873015872,32554.800000000003,7.757822999999999,34342.296746,126,0.0002258970347084776
2024-06-03,100.0,477.896166,14.9342551875,13327.6,4.253384,13275.421583,32,0.00032039539937825563
2024-06-04,100.0,52.211438,0.9668784814814815,2503.2081799999996,7.822008,25355.005290000005,54,0.0003084995609559188
2024-06-05,94.11764705882352,56.055506,1.0576510566037736,2432.2039200000004,6.715005000000001,24239.16691,53,0.0002770311795340494
2024-06-06,98.0392156862745,274.173187,1.0504719808429117,71728.28529999999,105.40018699999999,333263.46326,261,0.0003162668537647963
2024-06-07,98.9247311827957,9031.606254999999,20.526377852272727,274642.9181,327.16571799999997,967237.0660300001,440,0.00033824770523202064
2024-06-08,,0.0,0.0,8.9389,11.54932,32998.062359999996,2,0.0003499999446634175
2024-06-09,100.0,0.04285,0.0022552631578947368,651.0677000000001,7.5857079999999995,22610.026390000003,19,0.00033550195250347067
2024-06-10,100.0,31.223954999999997,0.42194533783783783,5919.1419,14.882445000000002,48321.272809999995,74,0.000307989507199407
2024-06-11,100.0,4320.631811,31.537458474452556,14262.010159999998,129.90075299999998,372867.72293299995,137,0.00034838293853432214
2024-06-12,29.629629629629626,-20931.146553,-95.14157524090909,36465.906339999994,81.527364,242842.77984,220,0.00033572076573046695
2024-06-13,94.11764705882352,5677.372175,74.70226546052632,9089.513299999999,15.565212999999998,81621.41079000001,76,0.00019070012205555994
2024-06-14,100.0,10258.592608999998,330.9223422258064,11996.079300000001,38.954076,139868.63210000002,31,0.00027850473272770355
2024-06-15,100.0,3369.958346,43.20459417948718,19129.9948,251.42254899999998,718350.2344699999,78,0.00034999995397161663
2024-06-16,80.0,1268.7590360000002,70.48661311111113,6166.9704,53.450925,152716.96104999998,18,0.0003499999255649149
2024-06-17,100.0,9613.319699,274.6662771142857,25129.7355,93.169206,266197.77499,35,0.0003499999427249157
2024-06-18,100.0,127.77326,2.6619429166666664,4152.79,67.453861,264153.71988999995,48,0.00025535836113945104
2024-06-19,100.0,4759.883684,78.03088006557378,20409.8935,132.67328800000004,399418.39463999995,61,0.0003321661940972445
2024-06-20,100.0,58252.01422999999,910.18772234375,50075.5071,27.305340000000005,248710.015394,64,0.00010978785859002739
2024-06-21,100.0,756.876565,19.40709141025641,7202.2506,77.300637,220859.01666999998,39,0.00034999991472161614
2024-06-22,,0.0,0.0,415.4961,7.733344,76092.49119999999,14,0.00010163084265008267
2024-06-23,,0.0,0.0,800.8677,23.748649999999998,122492.11211,14,0.00019387901466400796
2024-06-24,100.0,4869.353105,113.24076988372093,26615.135000000002,109.919839,367628.1367399999,43,0.00029899735089574856
2024-06-25,100.0,4197.732182,77.73578114814815,5362.999900000001,124.13501999999998,354671.56632,54,0.0003499999204559861
2024-06-26,,0.0,0.0,500.9724,9.596327999999998,28494.748499999994,57,0.00033677531844157176
2024-06-27,,0.0,0.0,3057.1536,45.495571999999996,129987.3713,18,0.00034999993880174726
2024-06-28,100.0,1649.643372,103.10271075,57.2777,67.668213,193337.77207000004,16,0.00034999996263275436
2024-06-29,100.0,4500.682773,66.18651136764707,1289273.4611,403.1580990000001,117069.99677099999,68,0.003443735458442145
2024-06-30,,0.0,0.0,1161413.8,312.32015800000005,20715.834894319996,20,0.015076397335336653
2024-07-01,100.0,7487.092424000001,115.1860372923077,297791.9996,130.987085,375469.27505399997,65,0.00034886232696713053
2024-07-02,,0.0,0.0,12.0,0.0012000000000000001,44.199999999999996,3,2.714932126696833e-05
2024-07-03,100.0,1118.387284,50.83578563636363,272.4143,81.887546,234622.62406000003,22,0.0003490181150606299
2024-07-04,,0.0,0.0,286.157,93.765681,375542.37483,20,0.00024968069460189603
2024-07-05,100.0,68.442082,1.3161938846153847,988801.819,439.31154399999997,274284.81767332,52,0.0016016619065049049
2024-07-06,100.0,101.85903800000003,7.275645571428571,255.0,0.22320800000000002,993.9940000000001,14,0.00022455668746491426
2024-07-08,100.0,231.50597400000004,33.072282,446.0,0.263568,1738.0855,7,0.00015164271262834886
2024-07-09,100.0,589.8720689999999,53.624733545454546,403.0,0.32318199999999997,1991.9501,11,0.00016224402408473985
2024-07-10,100.0,11805.341276,203.5403668275862,6688.572600000001,248.991852,711405.37018,58,0.0003499999612555638
2024-07-11,100.0,3289.126736,121.81950874074074,6437.407499999999,64.213233,183466.42252000002,27,0.0003499999188843397
2024-07-12,100.0,234.778463,21.343496636363636,92.96889999999999,18.37556,52501.61135,11,0.0003499999243356557
2024-07-13,100.0,2678.8393739999997,206.06456723076923,43.922599999999996,48.541495000000005,138690.00175999998,13,0.00034999995950681437
2024-07-14,,0.0,0.0,26.2683,29.400389000000004,84001.12074000001,7,0.00034999996120289856
2024-07-15,,0.0,0.0,62.7249,74.19782699999999,211993.83398,29,0.00034999992974795666
2024-07-16,,0.0,0.0,28.870200000000004,35.000190999999994,100000.56643,14,0.0003499999274954106
2024-07-17,93.54838709677419,1859.269477,5.297064037037037,148888.46380000003,206.60191299999997,626005.51014,351,0.00033003209980339543
2024-07-18,100.0,3803.884311,63.398071849999994,2916.6704,227.396664,649704.8281399999,60,0.0003499999602142406
2024-07-19,100.0,2155.891114,93.73439626086956,800.5319999999999,52.594288,150269.43056,23,0.0003499999155117581
2024-07-20,47.524752475247524,1771.2323000000001,4.11914488372093,69414.5745,105.20875699999999,324803.04757,430,0.0003239155475514001
2024-07-21,3.428571428571429,-2489.5128210000003,-8.467730683673471,25352.4453,42.050099,160528.51699000003,294,0.00026194784446067907
2024-07-22,66.76646706586826,80130.195672,213.1122225319149,59777.7927,118.16154600000002,522343.63600000006,376,0.00022621419666343939
2024-07-23,96.96969696969697,11333.959610000002,78.16523868965517,24614.2188,40.260407,143724.35117,145,0.00028012237781737623
2024-07-24,100.0,1542.299739,13.528945078947368,503973.48120474996,163.750817,267755.4442572661,114,0.0006115685806286133
2024-07-25,,0.0,0.0,1725.0396799999999,164.50936299999998,470027.75379602425,57,0.0003499992536002275
2024-07-26,100.0,9167.136769,47.49811797409327,269456.615597,469.328572,1299335.019170869,193,0.00036120674427715167
2024-07-27,,0.0,0.0,1816.00273,1.5549629999999999,4442.76073098799,6,0.0003499992671570688
2024-07-28,100.0,587.2990299999999,36.706189375,4913.6029,15.139122,43254.6605,16,0.00034999978788412874
2024-07-29,100.0,330.804454,8.482165487179486,5057.07922,114.51968399999998,327199.14641000004,39,0.00034999994729967906
2024-07-30,,0.0,0.0,23.243800000000004,26.604063000000004,76011.6213,9,0.0003499999413905411
2024-07-31,100.0,765.690884,16.645454,261963.94507000002,39.254705,50107.01177599999,46,0.0007834174022487213
2024-08-01,75.0,721.2005069999999,11.82295913114754,75465.42747349996,116.45030100000001,313696.04931871075,61,0.00037122017077648357
2024-08-02,100.0,228.247701,4.306560396226415,68304.1433408,113.48595999999999,304793.19777089864,53,0.00037233757455867845
2024-08-03,100.0,464.1897,22.10427142857143,71867.84793999999,56.675656999999994,142025.87079492246,21,0.0003990516423718079
2024-08-04,4.761904761904762,-108495.490463,-927.3118842991453,222807.6883107,397.41943799999996,1072814.2127094462,117,0.00037044572423802736
2024-08-05,86.8421052631579,-13013.665169,-86.75776779333333,390183.45075,227.20628699999997,460200.696468,150,0.0004937113062709125
2024-08-06,61.76470588235294,425.15018799999996,8.021701660377358,204581.27,4.698397,3360.9535729699996,53,0.001397935704255543
2024-08-07,100.0,30.957114999999998,1.8210067647058823,3661.6827101199997,5.6238850000000005,15637.370663070129,17,0.0003596439018537562
2024-08-08,41.66666666666667,6508.862079,209.96329287096773,17252.064430000006,112.057249,317146.49657,31,0.00035332961332356044
2024-08-09,97.05882352941177,11573.209197,99.76904480172414,88716.28637000002,75.35671721000001,186758.3006996506,116,0.0004034986232349082
2024-08-10,,0.0,0.0,145567.97957000002,49.07318790000001,10639.27659695112,85,0.004612455316187834
2024-08-11,100.0,1706.44712,27.086462222222224,146965.4631,74.378441,90897.669259,63,0.0008182656563840948
2024-08-12,100.0,212.08102,12.475354117647058,12990.266604,5.175243999999999,14787.0463533208,17,0.00034998497173424826
2024-08-13,,0.0,0.0,210915.88290362002,39.242264,15553.856846046137,30,0.002522992489157155
2024-08-14,100.0,2168.9015130000003,98.58643240909092,52609.204824,39.135825999999994,66189.24787311854,22,0.000591271652988434
2024-08-15,100.0,825.230544,23.578015542857145,68634.52885999999,81.18794199999999,166382.806193,35,0.0004879587251691377
2024-08-17,,0.0,0.0,177872.0,17.07537,30037.24464,29,0.0005684732472851744
2024-08-18,100.0,307.201888,21.942992,23.700200000000002,21.981557000000002,62804.46573,14,0.00034999990437781887
2024-08-19,100.0,339.699583,42.462447874999995,1.71498,35.110258,100315.03384999999,8,0.00034999996164582865
2024-08-20,100.0,192.602844,16.050237,8076.92,17.470174,49914.79691999999,12,0.0003499999013919659
2024-08-21,100.0,656.200925,4.588817657342657,44587.16,36.04648400000001,102990.143648,143,0.00034999935647434167
2024-08-23,100.0,1005.30527,59.135604117647055,29.40538,34.478224,98509.22803,17,0.00034999994101567823
2024-08-24,,0.0,0.0,55163.47627,26.303603,21950.275498000003,17,0.0011983267819302154
2024-08-26,100.0,231.236918,4.446863807692308,83872.2525,71.231264,125360.02032,52,0.000568213564565255
2024-08-27,100.0,1333.359645,102.56612653846153,3776.8291299999996,38.031246,108661.50285617422,13,0.00034999742319355415
2024-08-29,100.0,256.464,128.232,0.3288,6.907330999999999,19735.2336,2,0.00034999996149019484
2024-08-30,,0.0,0.0,5469.5039544,44.62244,127494.00354853588,14,0.00034999638224563726
2024-08-31,92.3076923076923,10.882801,0.43531204,23334.742009999998,4.955266999999999,7507.2856378288325,25,0.0006600610712120316
2024-09-01,100.0,137.433093,9.8166495,5859.32684,14.826009,42360.088604683,14,0.00034999948036843707
2024-09-04,62.5,1065.7851319999997,31.346621529411763,52210.38311,63.570226999999996,131480.94938499999,34,0.0004834938239900815
2024-09-05,,0.0,0.0,10818.93703,0.0,0.8427951946369999,1,0.0
2024-09-06,0.0,-1104.856765,-26.306113452380952,1449.6331,13.666476,39047.11483,42,0.0003499996365800633
2024-09-09,,0.0,0.0,349080.0,34.9079,4014.42,2,0.00869562726371431
2024-09-10,,0.0,0.0,66673.0,6.66721,766.7395,1,0.00869553479375981
2024-09-11,,0.0,0.0,35870.82982,0.0,0.5380624473,1,0.0
2024-09-13,,0.0,0.0,86805.0,30.38133,1014.158235,10,0.029957189077106885
2024-09-14,,0.0,0.0,1553.33644,0.0,0.64929463192,1,0.0
2024-09-17,0.0,-878.684794,-6.059895131034483,81796.0,31.732943,13633.51601,145,0.002327568543340127
2024-09-18,,0.0,0.0,81738.0,28.60766,1521.854026,19,0.018797900134477154
2024-09-20,96.875,45750.60361,1173.0924002564102,46136.84105,167.29387200000002,498521.5554499999,39,0.0003355800168941322
2024-09-22,100.0,334.760796,83.690199,0.79543,17.616912,50334.04033,4,0.000349999957970789
2024-09-23,,0.0,0.0,35370.15704,15.879237,11005.069063,10,0.0014429020762247986
2024-09-24,,0.0,0.0,1573.23,0.586902,6113.57178,1,9.599985427831192e-05
2024-09-25,,0.0,0.0,670.2985900000001,17.764677,52754.136719999995,9,0.00033674472002619474
2024-09-26,100.0,439.812513,54.976564125,8342.780780000001,31.348203999999996,113711.92741300001,8,0.00027568087810299607
2024-09-27,,0.0,0.0,13533.31333,40.306431,155296.238056,60,0.00025954544362797417
2024-09-30,100.0,2710.626288,25.571946113207545,9188.665,65.637576,214670.00032000002,106,0.0003057603573026351
2024-10-01,,0.0,0.0,3.89735,83.96802699999999,239908.66317999997,8,0.00034999997868772253
2024-10-03,,0.0,0.0,1.99039,42.003151,120009.00925,4,0.00034999998135556645
2024-10-04,100.0,5719.08107,238.29504458333335,315.15842899999996,169.97274999999996,485636.79609461187,24,0.0003499997351248603
2024-10-05,100.0,178.567901,7.14271604,2272.6989759999997,77.03563,220102.43758095324,25,0.0003499989861387448
2024-10-06,,0.0,0.0,3.20189,69.99908400000001,199997.40081,11,0.00034999996858209174
2024-10-07,100.0,5396.546638,98.11902978181818,10.430969999999999,229.09883600000003,654568.17356,55,0.00034999996219492333
2024-10-08,100.0,396.06272,44.00696888888889,409.487261,42.139528,120399.26210586932,9,0.00034999822476441695
2024-10-09,,0.0,0.0,2.94931,63.000505,180001.45631,10,0.00034999997384187827
2024-10-10,,0.0,0.0,3.7249000000000003,77.008444,220024.13779999997,13,0.00034999998077483665
2024-10-11,100.0,9292.785427,265.50815505714286,4522.991849999999,223.469068,638483.8155564987,35,0.0003499995811252094
2024-10-12,100.0,134.09676,134.09676,0.16002,3.546811,10133.74656,1,0.0003499999707906648
2024-10-13,,0.0,0.0,0.95706,21.000841,60002.41659,10,0.00034999991989489304
2024-10-14,100.0,1913.6195799999998,318.9365966666667,1.10905,25.170453999999996,71915.59184,6,0.0003499999562820812
2024-10-15,100.0,1230.496376,153.812047,1.36919,31.931642999999998,91233.27964,8,0.0003499999465765122
2024-10-16,75.0,195.325536,15.025041230769231,1.4775200000000002,35.071493999999994,100204.28756,13,0.0003499999336754927
2024-10-17,100.0,269.525061,33.690632625,2.98974,70.092513,200264.33513,8,0.00034999997855084884
2024-10-18,100.0,63.69408,12.738816,1.1717899999999999,28.021404,80061.16169000001,5,0.00034999996763099674
2024-10-19,,0.0,0.0,0.58703,14.000078,40000.224200000004,1,0.00034999998825006585
2024-10-20,100.0,1826.930782,15.224423183333332,70350.7564,67.558698,202466.96620899998,120,0.00033367763277620995
2024-10-21,100.0,1027.1405790000001,6.893560932885905,91399.41603000002,101.556804,298098.92153,149,0.0003406815545616778
2024-10-22,,0.0,0.0,0.8949,21.000124,60000.3603,3,0.00034999996491687734
2024-10-23,0.0,-46.489941,-2.5827745,55.42812,73.502111,210006.05804,18,0.0003499999556488985
2024-10-24,100.0,4060.784935,270.7189956666667,4.1648499999999995,99.43378600000003,284096.55275000003,15,0.0003499999737325219
2024-10-25,100.0,51647.071266000006,2459.384346,40799.293090000014,52.920331999999995,232455.4825,21,0.00022765792155493683
2024-10-27,100.0,666.6623079999999,133.3324616,1.77785,42.231766,120662.19557,5,0.00034999997969952407
2024-10-28,,0.0,0.0,3.17481,76.99433900000001,219983.85089,16,0.00034999995994478705
2024-10-29,90.9090909090909,810.3208990000002,12.862236492063493,22189.6907,171.520496,491612.347103,63,0.0003488937920512886
2024-10-30,,0.0,0.0,455.9139,1.224646,3499.00109,7,0.0003499987477854715
2024-10-31,100.0,1216.5972259999999,29.67310307317073,6682.32451,312.72547099999997,896214.8958310001,41,0.0003489402736494695
2024-11-01,100.0,1040.5747959999999,115.61942177777776,3.44705,84.36401000000001,241040.04041000002,9,0.00034999998280990993
2024-11-03,100.0,1888.4957140000001,145.26890107692307,4.822290000000001,116.15241199999998,331864.0510499999,13,0.0003499999823195674
2024-11-04,100.0,1049.331578,38.86413251851852,6.03608,143.83885100000003,410968.181,27,0.00034999996994901177
2024-11-05,,0.0,0.0,0.4339,10.500672,30001.924300000002,3,0.00034999994983655097
2024-11-06,100.0,2821.24842,313.47204666666664,1.2398,32.166558,91904.46865,9,0.00034999993441559387
2024-11-07,100.0,628.96246,62.896246,1.5932700000000002,42.219152,120626.15779000001,10,0.00034999997325207017
2024-11-08,100.0,646.3734049999999,40.398337812499996,2.37193,63.225502,180644.31476,16,0.00034999995479514527
2024-11-09,50.0,651.27489,6.385047941176471,77027.4012,121.59805500000002,351708.85284600005,102,0.000345734985104976
2024-11-10,100.0,6361.665161,23.04951145289855,3483053.7409199993,268.488929,767111.6175919998,276,0.0003499998212030729
2024-11-11,89.1891891891892,1382.8886229999998,5.140849899628253,398787.82490999985,312.61900099999997,1329739.113723,269,0.0002350979961210061
2024-11-12,85.45454545454545,10230.053417000001,59.47705474999999,175667.40189,493.779136,1410797.767519,172,0.00034999994142913184
2024-11-13,100.0,1383.2450549999999,65.86881214285715,32928.86898,225.627358,644649.621412,21,0.00034999998527230963
2024-11-14,100.0,1662.709378,30.790914407407406,1769.383,204.93956599999999,682946.6996649998,54,0.0003000813476374178
2024-11-15,100.0,1542.783818,27.54971103571429,11.81087,370.79553,1059415.86682,56,0.0003499999779246273
2024-11-16,88.88888888888889,1282.951742,20.04612096875,139391.19147,115.97246899999999,379937.132082,64,0.00030524120757686356
2024-11-17,100.0,698.439917,5.499526905511811,548385.8092599999,272.657245,1218880.9266990002,127,0.00022369473426614054
2024-11-18,96.0,3910.262615,26.068417433333334,235334.68452999997,344.151663,1769500.5861746601,150,0.0001944908443031339
2024-11-19,92.85714285714286,2490.8171009999996,38.919017203125,495240.16437,177.182294,586867.2266372984,64,0.0003019120611236722
2024-11-20,100.0,2603.1940019999997,41.98700003225807,202018.27298999997,214.518113,704248.280428,62,0.0003046058030409797
2024-11-21,82.22222222222221,604.994611,3.5379801812865495,3121.4225700000006,121.542023,415092.58305,171,0.00029280702176593613
2024-11-22,68.29268292682927,-19233.503672,-337.42988898245613,127.85082000000003,150.941304,719949.63361,57,0.00020965536608879724
2024-11-23,89.85507246376811,1824.004054,8.444463212962964,486066.45979,193.424263,641983.961958,216,0.000301291425427625
2024-11-24,71.875,5512.134655,57.418069322916665,187880.41577999998,229.50806599999999,755750.5274149999,96,0.00030368231006734295
2024-11-25,,0.0,0.0,9.427849999999998,269.85504,899516.85762,38,0.00029999998078301715
2024-11-26,100.0,1603.1000000000001,51.71290322580645,2000.9210799999998,130.090356,550592.8941199998,31,0.0002362732199948212
2024-11-27,4.8,-133944.844221,-992.1840312666667,1316.15327,592.27286,2852109.72921,135,0.00020766131608970475
2024-11-28,100.0,610.52512,55.502283636363636,2631.46272,37.925443,125584.90744000002,11,0.00030199045230112085
2024-11-29,99.31506849315068,191897.308554,806.2912124117646,670493.3856000002,161.23640809000003,667298.14370534,238,0.000241625740474407
2024-11-30,100.0,4836.462601,26.00248710215054,69844.30360435,496.8403158299999,1485997.5910740069,186,0.0003343479954573196
2024-12-01,100.0,1772.341156,18.085113836734692,3480685.75456001,193.37137462,633219.9369886608,98,0.0003053779000383286
2024-12-02,100.0,1054.54513,14.646460138888889,15420.62667,92.84488835,374460.16302584927,72,0.0002479432994948273
2024-12-03,97.35099337748345,197789.22982100002,675.0485659419795,146397.23223999998,318.83918056,1090006.535809,293,0.00029251125574523127
2024-12-04,66.66666666666666,102687.13157999999,996.9624425242719,239069.46760239,216.92121253999994,799394.2165510716,103,0.00027135699514551254
2024-12-05,88.02816901408451,59525.625754999994,166.7384474929972,50603.602320000005,525.11403248,1793100.21652,357,0.0002928525843910314
2024-12-06,74.04580152671755,-68891.58322500004,-221.51634477491965,265406.80364,383.20611734999994,2491782.734982,311,0.00015378793342220027
2024-12-07,83.07692307692308,50906.747676,213.89389779831933,1408882.22271178,135.28849448,451857.9760496056,238,0.0002994049051933695
2024-12-08,84.0909090909091,246.054472,1.3980367727272727,628383.65329,120.86670161999999,369294.09524399997,176,0.0003272911838466871
2024-12-09,99.54545454545455,11495.616306999998,26.61022293287037,326607.96692,296.66120347,1214319.76919,432,0.0002443023748743586
2024-12-10,93.44262295081968,3653.6234929999996,16.024664442982456,169821.2187333,160.04385982999995,557524.1227301353,228,0.00028706176702504365
2024-12-11,98.46743295019157,353416.720165,753.5537743390192,135939.05176,289.61345502999995,1282555.633564,470,0.00022580966271631766
2024-12-12,93.52331606217616,390587.391699,730.0698910261683,1010697.41087,409.77766277,1948125.99577,535,0.0002103445381149666
2024-12-13,100.0,17803.518238,34.9774425108055,39679.78288,152.9934866,1103206.56834,509,0.00013868072488927439
2024-12-14,97.6303317535545,138590.106301,159.85018027797,253540.18838570002,223.38345780999998,1798965.1797030675,867,0.00012417330826095872
2024-12-15,84.39490445859873,72181.47437299999,79.58266193274532,706926.7615700001,266.96649369,1763490.1204637499,907,0.00015138530723370034
2024-12-16,98.39357429718876,71045.759678,122.70424814853196,61104.62776525001,218.806783,1619860.1401056745,579,0.00013507757712077892
2024-12-17,90.88607594936708,7630.355493000001,10.395579690735694,443409.14885811997,570.16310984,2893579.2531497404,734,0.00019704423482417555
2024-12-18,97.97297297297297,21051.458132,26.446555442211054,5279346.340449999,341.32324326,2273277.6082610004,796,0.00015014586956720328
2024-12-19,96.17486338797814,7837.834547999999,18.886348308433735,5646092.20694383,354.55482563,1683079.7158311047,415,0.00021065836769051715
2024-12-20,100.0,12674.841669,16.52521729986962,193309.98915015,323.288884,1550709.417661012,767,0.00020847805547452447
2024-12-21,100.0,32502.012466,64.10653346351084,30838.31249,359.89833799999997,1592663.22967,507,0.00022597265466759784
2024-12-22,100.0,12203.417144000001,111.95795544954129,5994.521919999999,70.6966939,397121.18504000007,109,0.00017802297274288972
2024-12-23,100.0,21207.506749,121.18575285142857,98979.69024,180.48688694999998,764292.1640550001,175,0.00023614907418704318
2024-12-24,100.0,2084.6974109999996,47.37948661363637,857.0433000000002,306.0275109999999,1040458.6611899999,44,0.00029412750589243806
2024-12-25,,0.0,0.0,1140.51722,23.76673896,102504.21896,4,0.00023186108046220464
2024-12-26,100.0,17988.646413,222.08205448148146,4349.25123,151.83582,487018.86475,81,0.0003117657877132572
2024-12-27,71.42857142857143,453.79244600000004,7.96127098245614,6143.13045,29.070601999999997,152082.58643999998,57,0.00019115010258895752
2024-12-28,100.0,706.8531230000001,12.187122810344828,6333.86943,48.366407,269634.05059,58,0.00017937796392616958
2024-12-29,100.0,1176.4222790000001,22.19664677358491,80844.53489000001,55.30211999999999,188238.96598999997,53,0.00029378678165358104
2024-12-30,100.0,5082.476700000001,74.7423044117647,1748.08739,225.26263600000001,764741.65618,68,0.00029456043642923924
2024-12-31,100.0,2607.7830719999997,200.59869784615387,339.95369,108.742089,363159.28821,13,0.0002994335888694631
2025-01-01,100.0,1587.4797719999997,54.740681793103455,24195.149930000003,64.82366582,234027.01223999998,29,0.0002769922377743381
2025-01-02,100.0,5907.975289,26.141483579646017,394839.95314999996,165.25765596,634471.188479,226,0.00026046518574967533
2025-01-03,100.0,3120.326501,17.72912784659091,183399.10445,110.31231196,342994.428056,176,0.00032161546350831547
2025-01-04,100.0,3314.4930700000004,26.9470981300813,278330.51854,96.86637500000002,299587.09870499995,123,0.0003233329319544005
2025-01-05,100.0,669.585737,4.715392514084507,155791.71635000003,147.49165296999996,397413.08509145124,142,0.0003711293324326745
2025-01-06,76.76767676767676,4097.870137,11.075324694594594,747270.66962,103.65053600000002,366685.04642300005,370,0.00028266911075624005
2025-01-07,98.06295399515739,19054.182194,32.405071758503404,2164421.9262699997,451.513562,1839929.2473539999,588,0.00024539724157834935
2025-01-08,90.27777777777779,1244.972742,2.276001356489945,541102.9847,73.84168344,224823.803266,547,0.00032844246190708867
2025-01-09,78.16091954022988,-33740.822252000005,-104.13834028395061,388419.56763999996,1082.9277539299999,3127816.114905,324,0.0003462248783646577
2025-01-10,100.0,10814.813777000001,47.020929465217385,33741.906160000006,1081.6326119999999,3600702.1847210005,230,0.00030039491091202533
2025-01-11,97.72727272727273,1093.319611,6.356509366279069,38817.46401000002,450.71937608,1503790.028378,172,0.0002997222800886302
2025-01-12,100.0,1097.8115109999999,12.475130806818184,507.39133000000004,635.74408421,2128581.24756,88,0.00029867033966345216
2025-01-13,99.25925925925925,8520.111743,35.20707331818181,960075.21742,667.4925943,2155260.840668,242,0.00030970385658429995
2025-01-14,97.14285714285714,2332.466226,24.813470489361702,33012.036940000005,346.064387,1217619.12352,94,0.00028421398803228946
2025-01-15,94.87179487179486,12744.314590999998,73.2431873045977,327125.98013,454.550289,1538812.4714459998,174,0.0002953903074185938
2025-01-16,91.80327868852459,5490.198832,44.63576286178862,90748.97345,807.639281,2629375.848919018,123,0.0003071600742556582
2025-01-17,100.0,4905.206795,69.08741964788733,183761.76891,148.83026099999998,479759.72862,71,0.0003102183283038392
2025-01-18,90.52631578947368,12708.715661999999,31.692557760598504,891443.0436299999,1065.18150412,3326066.019247687,401,0.0003202526642453508
2025-01-19,78.70813397129187,86757.852186,91.42028681348789,934710.1166999999,2404.73728372,10872911.44587062,949,0.00022116774294462648
2025-01-20,99.6923076923077,63626.249591,140.7660389181416,672597.93477,757.3075859100001,3406843.950112,452,0.00022229007169086908
2025-01-21,96.55172413793103,2919.096235,8.461148507246376,256720.74398000003,347.574051,1322796.587696115,345,0.0002627569909333996
2025-01-22,80.98591549295774,5183.672328,12.991659969924811,624826.6521700001,343.65445800000003,1311000.029811,399,0.0002621315409501119
2025-01-23,97.1311475409836,37774.28593299999,48.741014107096774,1424759.99473,631.16657736,2604732.04452068,775,0.00024231535780723528
2025-01-24,96.0,1758.879301,7.714382899122807,225458.54892,177.84832653,800336.0913231082,228,0.00022221705163387397
2025-01-25,57.99999999999999,-14086.317581,-58.938567284518825,453256.72228,164.25903625,501187.464723,239,0.0003277397138030655
2025-01-26,93.7007874015748,39002.108291,121.88158840937498,1398922.03049,500.283598,1498595.1121359998,320,0.0003338350658884296
2025-01-27,100.0,6904.299118,25.858798194756552,1601886.0383600001,115.85606680000001,591763.243704,267,0.00019578111353254514
2025-01-28,100.0,9569.749737,32.0058519632107,9900467.37,61.19895278,451650.91950400005,299,0.00013550056058162855
2025-01-29,96.20253164556962,9878.092921,53.10802645698924,16212.950099999998,426.41209899999996,1395597.5553269999,186,0.0003055408755714595
2025-01-30,100.0,16078.875225999998,24.92848872248062,3407473.80508,427.359832,1673473.073529,645,0.00025537299569379306
2025-01-31,83.02752293577981,16631.095931,44.94890792162162,2920495.33953,318.449565,1292092.7554280001,370,0.0002464602975771
2025-02-01,95.97701149425288,55804.54256399999,79.04326142209632,5268795.15385,600.59143101,2373772.487123,706,0.00025301137083188357
2025-02-02,99.76303317535546,265759.094301,274.82843257600825,1887092.9999199999,1748.44028153,12822661.338424996,967,0.00013635549090659836
2025-02-03,76.96693272519954,50492.687862000006,26.298274928125,12747430.711299999,2156.395927,15673304.85603,1920,0.00013758399691755937
2025-02-04,85.8974358974359,449239.94925700006,235.82149567296588,566630.6393,4132.545865,17179653.888834,1905,0.00024054884293600167
2025-02-05,91.29353233830845,29545.149024999995,31.132928371970493,1195525.0515200002,359.38730267,3275500.492555,949,0.00010971981334970457
2025-02-06,95.0909090909091,31280.774153,22.327461922198427,4783965.39839,529.30824524,2354774.918112,1401,0.00022478082349560027
2025-02-07,97.08454810495627,20141.579827,16.939932571068127,14835846.495520001,611.26570416,2622390.384413,1189,0.0002330948541427125
2025-02-08,98.87005649717514,2182.299419,4.623515718220339,3931401.8666700004,173.52899786,627094.1551261999,472,0.00027671920785974805
2025-02-09,86.6906474820144,204993.367278,365.4070717967914,1133975.38476,511.26426599999996,4724664.832712,561,0.0001082117534476048
2025-02-10,99.60629921259843,2877.644032,5.720962290258449,8434388.00249,246.261274,1945374.3534000004,503,0.0001265881158398127
2025-02-11,63.97984886649874,1724.1009520000025,1.7922047318087322,1348205.38827,773.2322022799999,2784431.9689709996,962,0.0002776983639380321
2025-02-12,87.41258741258741,12245.425070000001,9.749542253184712,1544606.7992000002,931.7517500000001,4059131.081723168,1256,0.00022954463190295795
2025-02-13,97.03153988868274,192738.01581100002,258.3619514892761,241919.11907999997,598.4434110000001,2027077.6022019999,746,0.00029522471677942435
2025-02-14,92.19512195121952,18785.460033,14.124406039849623,151315.40424999996,603.2065460399999,3063358.89791385,1330,0.00019691017805676772
2025-02-15,80.95238095238095,35508.953580999994,99.46485596918768,13790884.541840002,225.754836,878999.3401709998,357,0.0002568316330659382
2025-02-16,99.0,1844.58192,2.833459170506912,91093.30422000002,109.0253629,623491.81879,651,0.00017486253967467235
2025-02-17,86.62420382165605,2694.5076010000002,3.742371668055556,12697329.25345,247.31826609,2025780.6905,720,0.00012208540996061983
2025-02-18,100.0,88997.038025,80.75956263611616,32121042.38634,558.09043052,2648608.07540733,1102,0.0002107108392902454
2025-02-19,92.95958279009126,43210.058755,25.283826070801638,53955310.21851,843.04508678,3619795.57492,1709,0.00023289853510543394
2025-02-20,100.0,87903.72923200001,66.7454284221716,2852069.52797,527.330786,2733713.9565399997,1317,0.00019289903566481063
2025-02-21,93.19066147859922,29147.335051000002,29.864072798155735,15974692.968590003,932.22675787,3628338.074134019,976,0.000256929409228906
2025-02-22,93.7984496124031,1335.5339829999998,4.558136460750854,4469739.28365,219.63373700000002,995371.478561,293,0.00022065504359992577
2025-02-23,100.0,20872.78131,57.81933880886426,2675226.4585200003,196.32631762,658664.568463,361,0.00029806722119291967
2025-02-24,99.80525803310614,98054.20388,15.280380844631448,3094815.1981599997,3324.7493365600003,16367303.5960001,6417,0.00020313360212689612
2025-02-25,95.67642956764296,175018.84220900002,62.84339038025134,1679185.9784900001,1042.16062599,11551748.710939,2785,9.02166981007057e-05
2025-02-26,97.5,20541.516694,306.5898014029851,2218423.3971100003,88.496021,228624.86668,67,0.00038707959586856957
2025-02-27,100.0,115915.472424,738.3151109808917,20602.380190000003,147.94504508000003,1508093.1214,157,9.810073594305568e-05
2025-02-28,98.14814814814815,19661.404444,101.87256188601036,249698.36217000004,22.477815,124195.592588,193,0.0001809872196879541
2025-03-01,100.0,9482.221441,172.4040262,40059.33619999999,7.62809,143840.89128,55,5.303144281240023e-05
2025-03-02,100.0,25698.074515,87.70673895904437,408799.64561999997,439.107996,1574329.0264770002,293,0.00027891755066132936
2025-03-03,97.70444763271162,573169.5335890001,486.56157350509335,1020395.55417,544.61589872,6386677.983956999,1178,8.527373700193539e-05
2025-03-04,86.2992125984252,221314.14706299998,180.5172488278956,701100.54122,1187.40263114,7072962.989615999,1226,0.0001678790957740422
2025-03-05,99.82394366197182,172268.477892,232.16775996226414,388855.73263,1274.404771,5203937.834000999,742,0.0002448923895042354
2025-03-06,83.33333333333334,3504.520113,6.562771747191011,160678.26808,244.88835469000003,3063725.314125,534,7.9931563564451e-05
2025-03-07,100.0,101642.910173,150.35933457544377,4464245.74397,647.174916,2973285.294527,676,0.00021766324179898613
2025-03-08,100.0,5783.971258,14.038765189320387,41050.9224,188.94617246,721559.304302,412,0.0002618581332587444
2025-03-09,100.0,7304.872206,22.68593852795031,292464.13617,467.53986871000006,1638117.0686809998,322,0.0002854129766723326
2025-03-10,90.02217294900223,14556.601650000004,12.0103974009901,399407.68269,1082.67736596,7690683.12301,1212,0.00014077778900039494
2025-03-11,86.29609246009906,236947.316662,71.17672474076299,21822829.298619997,1169.633393,7478311.78649,3329,0.00015640340044567412
2025-03-12,99.81949458483754,37968.016493,21.52381887358277,12023112.44111,683.583667,5946164.007323,1764,0.00011496212787910531
2025-03-13,84.84848484848484,14224.870198000002,36.19559846819339,121800.78331,192.14522395999998,1645496.9986700001,393,0.00011677032781907504
2025-03-14,100.0,90159.071183,50.144088533370414,241593.15834999998,331.25595599999997,3733066.36443,1798,8.873561937080089e-05
2025-03-15,51.470588235294116,37224.396893,465.3049611625,3021071.0289399996,70.29219700000002,295841.19922600006,80,0.00023760110891891752
2025-03-16,78.15126050420169,9638.278411,24.15608624310777,2545565.13548,287.44044616,1621186.7582624,399,0.00017730248825131091
2025-03-17,81.25,74673.385877,377.13831251010106,1712474.1498099999,164.498901,955677.7947430001,198,0.00017212799324717686
2025-03-18,100.0,2854.027328,13.274545711627908,334697.78372,232.921546,886428.02926,215,0.0002627641932695264
2025-03-19,90.10600706713781,25089.809113,42.4531457072758,279480.27007,357.2977220184,2339917.1629170002,591,0.0001526967397311551
2025-03-20,92.3076923076923,1536.605456,16.702233217391303,228507.84185,94.85571399999999,410250.51635200006,92,0.00023121412458774972
2025-03-21,94.44444444444444,2574.429268,59.87044809302325,945953.4942200001,37.462347,148974.85996,43,0.0002514675765431745
2025-03-22,100.0,6671.0956989999995,90.14994187837837,571448.29607,103.305619,349142.171749,74,0.0002958841049836481
2025-03-23,100.0,2597.610349,54.11688227083334,149964.7182,43.585114,131033.89877300002,48,0.0003326247208404125
2025-03-24,93.06930693069307,48474.570204999996,173.12346501785714,697514.57682,180.884874,1189683.612821,280,0.00015204452011495932
2025-03-25,97.95918367346938,8448.615008,78.95901876635514,505375.77862999996,111.897101,467007.842203,107,0.00023960432970922217
2025-03-26,97.10144927536231,16474.305151,54.73191080066445,1309958.63655,336.59961533,1379755.630287,301,0.00024395596433260044
2025-03-27,100.0,39071.658825,149.12846879770993,484615.20596999995,417.83372307999997,1631288.798357,262,0.0002561371864386204
2025-03-28,100.0,22074.649747,28.264596346991038,1452652.7094,342.16556947,1773022.95596,781,0.00019298428614238392
2025-03-29,65.03067484662577,12943.449048,23.113301871428572,1231644.45335,282.35048466,1192253.195311,560,0.00023682090831918357
2025-03-30,100.0,8120.708837999999,19.615238739130433,138081.05900694,362.19190468,1553044.8051698164,414,0.00023321407307395515
2025-03-31,100.0,6972.145355999999,26.611241816793893,31473.74628,244.68552066,792302.750277,262,0.0003088283116200904
2025-04-01,100.0,5539.304892000001,108.6138214117647,51890.498920000005,95.64254799999999,432208.7259010001,51,0.00022128786919009931
2025-04-02,100.0,198803.551175,203.69216308913934,3059963.8763100007,1191.3467518799998,4953936.8053520005,976,0.00024048485047143209
2025-04-03,96.24413145539906,5228.748205,4.727620438517179,345363.9952400001,642.1161560099999,4038342.43427,1106,0.00015900488045810643
2025-04-04,100.0,20626.170336000003,45.035306410480345,592861.58113,311.00930803100005,1022614.7135069999,458,0.000304131462146101
2025-04-05,92.85714285714286,2441.539967,35.38463720289855,427673.4285898501,66.5573971705,453816.16623565,69,0.00014666158264608668
2025-04-06,83.39100346020761,-19843.14132300001,-23.073420143023256,354583.81724999996,393.24852573299995,2984103.890465,860,0.00013178111090218168
2025-04-07,83.62369337979094,19648.532499,24.903083015209127,506025.18415,749.3979557179,4040203.0987160006,789,0.0001854852187891403
2025-04-08,100.0,21679.321694,82.74550264885495,812613.9833499999,597.7842567389999,2148263.996483,262,0.00027826387153425
2025-04-09,85.7566765578635,8539.666271000006,12.044663287729197,2158740.07192,758.7396936,3257738.363021,709,0.00023290381517820775
2025-04-10,74.16267942583733,13753.563832000002,22.076346439807384,636676.3974453299,1638.6030729999995,9390152.22056604,623,0.0001745022907521327
2025-04-11,96.875,21905.878296,26.552579752727272,333329.81893000007,3196.0114890000004,17338089.144919,825,0.00018433470160906428
2025-04-12,72.0059880239521,392166.85997000005,267.50809002046384,3563155.44919,9754.154965227,45510648.990083,1466,0.00021432687034088395
2025-04-13,69.34306569343066,-3431.21162,-12.12442268551237,560807.84212,133.47298800000002,3997894.645573,283,3.338581924558693e-05
2025-04-14,100.0,27019.095187,85.77490535555555,128546.23121000001,1359.5239740000002,7069209.190999,315,0.00019231627431976958
2025-04-15,93.25259515570934,45893.521703000006,44.34156686280193,388111.94717,2182.63087946,21614308.280024,1035,0.00010098083413926288
2025-04-16,75.80071174377224,62276.584027,49.30845924544735,646730.4994399999,5118.107787999999,32502886.236183003,1263,0.0001574662554829484
2025-04-17,100.0,38725.087501999995,29.78852884769231,472083.78997000004,4347.04281767,23673207.71498,1300,0.00018362711424693264
2025-04-18,100.0,9594.206855,17.604049275229357,346627.19996,620.48759649,2816341.9151239996,545,0.00022031685611676905
2025-04-19,93.6842105263158,63256.511067,50.6052088536,2333777.4883400006,4937.46192509,26499066.636102997,1250,0.0001863258805637734
2025-04-20,74.88479262672811,39522.69087699999,43.09999005125409,1911140.6688,3860.55250147,20586598.040213,917,0.00018752746296056097
2025-04-21,76.07655502392345,28578.240248000002,22.66315642188739,1820346.40712,3582.4856419999996,39673480.362757,1261,9.02992530335961e-05
2025-04-22,52.899484536082475,46271.18216499999,16.309898542474443,54804071.4874347,6860.951786420001,29712356.27958554,2837,0.00023091240970121084
2025-04-23,60.088235294117645,-296493.333551,-63.652497542078144,34789238.611159995,4630.7008113377005,21147381.631715003,4658,0.0002189727736502839
2025-04-24,79.18263090676884,20124.072401,12.728698545857053,3683251.8046900006,9392.1299504576,43763848.32856201,1581,0.0002146093250288487
2025-04-25,95.30685920577618,12737.838378,10.492453359143328,3223053.5130499997,2704.5701781581997,11727948.351382298,1214,0.00023060897755739428
2025-04-26,29.306930693069305,-4339.628092999999,-6.565246736762481,8424945.89845,336.79251569999997,1551020.999289,661,0.00021714246025965366
2025-04-27,63.41463414634146,536.084562,2.1357950677290836,3888060.33937,30.477611766200003,313054.49477600004,251,9.735561148230009e-05
2025-04-28,85.125,49029.608993999995,29.660985477313975,235377.01437000002,8042.449814110099,40494457.413489,1653,0.00019860618780463276
2025-04-29,92.63657957244655,110823.16960500002,93.12871395378151,144981.6286,5056.9154930429,27770209.517750002,1190,0.00018209857184587139
2025-04-30,90.02932551319648,105036.38086000002,121.85194995359629,133912.78051,740.0705160885001,3373635.943456,862,0.00021936881409034356
2025-05-01,95.01466275659824,62807.95658700001,112.55906198387098,60023.71625,1565.640656243,6817905.6601,558,0.00022963659726263157
